zone_id,zone_full_name,state_fips,shipment_lane_count,total_tons,total_value_usd,climate_risk_score,climate_risk_tier,risk_intensity_score,risk_intensity_tier,state_storm_event_count,state_storm_damage_usd,ndvi_anomaly,vegetation_stress_tier,latitude,longitude
11,"Birmingham-Hoover-Talladega, AL  CFS Area ",1,8941,87281.02158300004,95814.49454699998,0.1461,Low,0.0089,Low,13691,480800250.0,-0.01980000000000004,Normal,32.806671,-86.79113
12,"Mobile-Daphne-Fairhope, AL  CFS Area ",1,16007,86118.32065400004,66806.11860899998,0.1461,Low,0.0089,Low,13691,480800250.0,-0.01980000000000004,Normal,32.806671,-86.79113
19,Remainder of Alabama,1,11459,192365.20059899983,229538.0753889999,0.1461,Low,0.0089,Low,13691,480800250.0,-0.01980000000000004,Normal,32.806671,-86.79113
20,Alaska,2,10213,100714.38059500002,75977.873382,0.0265,Low,0.0116,Low,2463,120479740.0,,No Data,61.370716,-152.404419
41,"Phoenix-Mesa, AZ  CFS Area ",4,12170,349168.19101899955,244157.48380199962,0.0965,Low,0.0079,Low,9023,350844150.0,0.02999999999999997,Normal,33.729759,-111.431221
42,"Tucson-Nogales, AZ  CFS Area ",4,9205,45766.79208,46359.405935000046,0.0965,Low,0.0079,Low,9023,350844150.0,0.02999999999999997,Normal,33.729759,-111.431221
49,Remainder of Arizona,4,6894,38715.79500900002,30016.791760000004,0.0965,Low,0.0079,Low,9023,350844150.0,0.02999999999999997,Normal,33.729759,-111.431221
50,Arkansas,5,9151,210846.72108999995,203623.01327600007,0.1354,Low,0.0315,Low,12394,861219800.0,-0.01959999999999995,Normal,34.969704,-92.373123
61,"Los Angeles-Long Beach, CA  CFS Area ",6,54834,706361.7273239996,1790272.7566990003,0.3982,Medium,0.0564,Low,22551,22004059160.0,0.014399999999999968,Normal,36.116203,-119.681564
62,"Sacramento-Roseville, CA  CFS Area ",6,10879,70899.22439800005,124820.76906800015,0.3982,Medium,0.0564,Low,22551,22004059160.0,0.014399999999999968,Normal,36.116203,-119.681564
63,"San Diego-Chula Vista-Carlsbad, CA  CFS Area ",6,19304,81436.294732,202217.23638700007,0.3982,Medium,0.0564,Low,22551,22004059160.0,0.014399999999999968,Normal,36.116203,-119.681564
64,"San Jose-San Francisco-Oakland, CA  CFS Area ",6,34102,297159.87053600006,555044.7007929999,0.3982,Medium,0.0564,Low,22551,22004059160.0,0.014399999999999968,Normal,36.116203,-119.681564
65,"Fresno-Madera-Hanford, CA  CFS Area ",6,8698,48421.74189299997,73761.08084399997,0.3982,Medium,0.0564,Low,22551,22004059160.0,0.014399999999999968,Normal,36.116203,-119.681564
69,Remainder of California,6,14328,168077.81789500001,173424.2760829999,0.3982,Medium,0.0564,Low,22551,22004059160.0,0.014399999999999968,Normal,36.116203,-119.681564
81,"Denver-Aurora, CO  CFS Area ",8,15144,146564.3638139999,214249.54425000004,0.2184,Low,0.1391,Low,17048,5510235910.0,-0.004799999999999971,Normal,39.059811,-105.311104
89,Remainder of Colorado,8,8228,102610.50223699995,83443.17055300003,0.2184,Low,0.1391,Low,17048,5510235910.0,-0.004799999999999971,Normal,39.059811,-105.311104
91,"Hartford-East Hartford-Middletown, CT  CFS Area ",9,9511,33844.78021400001,77625.76516999997,0.0261,Low,0.0026,Low,2452,79740460.0,0.0018000000000000238,Normal,41.597782,-72.755371
92,"New York-Newark, NY-NJ-CT-PA  CFS Area (CT Part)",9,9219,58883.586150000025,117283.29111599998,0.0261,Low,0.0026,Low,2452,79740460.0,0.0018000000000000238,Normal,41.597782,-72.755371
99,Remainder of Connecticut,9,5973,11074.541290000006,11348.410511999995,0.0261,Low,0.0026,Low,2452,79740460.0,0.0018000000000000238,Normal,41.597782,-72.755371
101,"Philadelphia-Reading-Camden, PA-NJ-DE-MD  CFS Area (DE Part)",10,7620,37565.16235400003,70427.57577999997,0.0136,Low,0.0,Low,1309,3839090.0,-0.011900000000000022,Normal,39.318523,-75.507141
109,Remainder of Delaware,10,4111,9817.558121,12924.376811999991,0.0136,Low,0.0,Low,1309,3839090.0,-0.011900000000000022,Normal,39.318523,-75.507141
111,"Washington-Arlington-Alexandria, DC-VA-MD-WV  CFS Area (DC Part)",11,4200,4137.345541999998,8195.563915000002,0.0047,Low,0.0265,Low,431,29191500.0,-0.0048000000000000265,Normal,38.897438,-77.026817
121,"Jacksonville-St. Marys-Palatka, FL-GA  CFS Area (FL Part)",12,19138,68965.621405,123091.84099799984,0.431,Medium,0.3486,Medium,11638,41719027080.0,-0.059599999999999986,Elevated Stress,27.766279,-81.686783
122,"Miami-Port St. Lucie-Fort Lauderdale, FL  CFS Area ",12,37132,165513.204674,266257.564202,0.431,Medium,0.3486,Medium,11638,41719027080.0,-0.059599999999999986,Elevated Stress,27.766279,-81.686783
123,"Orlando-Lakeland-Deltona, FL  CFS Area ",12,14078,119477.89183400024,212628.48071299994,0.431,Medium,0.3486,Medium,11638,41719027080.0,-0.059599999999999986,Elevated Stress,27.766279,-81.686783
124,"Tampa-St. Petersburg-Clearwater, FL  CFS Area ",12,16272,74020.96755300002,136068.63255299986,0.431,Medium,0.3486,Medium,11638,41719027080.0,-0.059599999999999986,Elevated Stress,27.766279,-81.686783
129,Remainder of Florida,12,13760,207071.7019330002,162832.04892499995,0.431,Medium,0.3486,Medium,11638,41719027080.0,-0.059599999999999986,Elevated Stress,27.766279,-81.686783
131,"Atlanta-Athens-Clarke County-Sandy Springs, GA-AL  CFS Area (GA Part)",13,26878,198632.22442400004,508505.4763130001,0.1874,Low,0.0334,Low,15321,3766192190.0,0.02290000000000003,Normal,33.040619,-83.643074
132,"Savannah-Hinesville-Statesboro, GA  CFS Area ",13,32141,67027.29992200008,151828.02530199985,0.1874,Low,0.0334,Low,15321,3766192190.0,0.02290000000000003,Normal,33.040619,-83.643074
139,Remainder of Georgia,13,13389,184549.43119700014,180035.58641199998,0.1874,Low,0.0334,Low,15321,3766192190.0,0.02290000000000003,Normal,33.040619,-83.643074
151,"Urban Honolulu, HI  CFS Area ",15,10306,23716.292526000027,36680.601532000015,0.0989,Low,1.0,High,5441,5691400250.0,-0.000500000000000056,Normal,21.094318,-157.498337
159,Remainder of Hawaii,15,1789,7159.356787000001,6190.054039000001,0.0989,Low,1.0,High,5441,5691400250.0,-0.000500000000000056,Normal,21.094318,-157.498337
160,Idaho,16,8549,156139.6363800001,113858.14037499992,0.053,Low,0.0294,Low,4769,449840000.0,,No Data,44.240459,-114.478828
171,"Chicago-Naperville, IL-IN-WI  CFS Area (IL Part)",17,45809,348085.41561199987,906757.6767500008,0.2222,Low,0.0087,Low,20278,1495163400.0,-0.008100000000000107,Normal,40.349457,-88.986137
172,"St. Louis-St. Charles-Farmington, MO-IL  CFS Area (IL Part)",17,10197,72856.46849199991,54439.298848,0.2222,Low,0.0087,Low,20278,1495163400.0,-0.008100000000000107,Normal,40.349457,-88.986137
179,Remainder of Illinois,17,16600,375830.10796999984,279804.8718589998,0.2222,Low,0.0087,Low,20278,1495163400.0,-0.008100000000000107,Normal,40.349457,-88.986137
181,"Chicago-Naperville, IL-IN-WI  CFS Area (IN Part)",18,9684,96560.63744199998,128769.205435,0.1206,Low,0.003,Low,11372,308163300.0,-0.012599999999999945,Normal,39.849426,-86.258278
182,"Indianapolis-Carmel-Muncie, IN  CFS Area ",18,14740,131780.5752309999,199564.89758900006,0.1206,Low,0.003,Low,11372,308163300.0,-0.012599999999999945,Normal,39.849426,-86.258278
183,"Fort Wayne-Huntington-Auburn, IN  CFS Area ",18,10710,64825.133774999995,110005.33907600006,0.1206,Low,0.003,Low,11372,308163300.0,-0.012599999999999945,Normal,39.849426,-86.258278
189,Remainder of Indiana,18,12414,259834.51359400013,263115.4635749998,0.1206,Low,0.003,Low,11372,308163300.0,-0.012599999999999945,Normal,39.849426,-86.258278
191,"Des Moines-Ames-West Des Moines, IA CFS Area",19,9854,56017.32158,56809.796937,0.2124,Low,0.0198,Low,19781,879130850.0,0.02179999999999993,Normal,42.011539,-93.210526
199,Remainder of Iowa,19,11533,356225.405519,271646.1828030002,0.2124,Low,0.0198,Low,19781,879130850.0,0.02179999999999993,Normal,42.011539,-93.210526
201,"Kansas City-Overland Park-Kansas City, MO-KS  CFS Area (KS Part)",20,8715,47660.47207800001,80376.57417999997,0.2421,Low,0.007,Low,23068,266196180.0,-0.0262,Normal,38.5266,-96.726486
202,"Wichita-Winfield, KS  CFS Area ",20,7367,26543.043533999993,35707.974587000004,0.2421,Low,0.007,Low,23068,266196180.0,-0.0262,Normal,38.5266,-96.726486
209,Remainder of Kansas,20,7934,193954.4501160002,158100.997468,0.2421,Low,0.007,Low,23068,266196180.0,-0.0262,Normal,38.5266,-96.726486
211,"Cincinnati-Wilmington-Maysville, OH-KY-IN  CFS Area (KY Part)",21,12803,51559.07232400001,76757.30889300001,0.1836,Low,0.0027,Low,17490,202162770.0,0.013800000000000034,Normal,37.66814,-84.670067
212,"Louisville/Jefferson County-Elizabethtown-Bardstown, KY-IN  CFS Area (KY Part)",21,29910,50557.01149500003,140482.45681500004,0.1836,Low,0.0027,Low,17490,202162770.0,0.013800000000000034,Normal,37.66814,-84.670067
219,Remainder of Kentucky,21,10766,284322.732595,275956.26041299966,0.1836,Low,0.0027,Low,17490,202162770.0,0.013800000000000034,Normal,37.66814,-84.670067
221,"Baton Rouge, LA  CFS Area ",22,8529,244640.66583699995,143544.11236199993,0.3863,Medium,0.4585,Medium,10452,37365842800.0,-0.03049999999999997,Elevated Stress,31.169546,-91.867805
222,"Lake Charles-Jennings, LA  CFS Area ",22,5340,79447.70916800002,62340.96855400001,0.3863,Medium,0.4585,Medium,10452,37365842800.0,-0.03049999999999997,Elevated Stress,31.169546,-91.867805
223,"New Orleans-Metairie-Hammond, LA-MS  CFS Area (LA Part)",22,23094,271125.76476400055,208378.775469,0.3863,Medium,0.4585,Medium,10452,37365842800.0,-0.03049999999999997,Elevated Stress,31.169546,-91.867805
229,Remainder of Louisiana,22,9864,368840.351621,199400.978002,0.3863,Medium,0.4585,Medium,10452,37365842800.0,-0.03049999999999997,Elevated Stress,31.169546,-91.867805
230,Maine,23,11302,88082.661904,75337.38406500002,0.0467,Low,0.0201,Low,4340,204842500.0,-0.0050000000000000044,Normal,44.693947,-69.381927
241,"Baltimore-Columbia-Towson, MD  CFS Area ",24,22233,93910.08562599996,191680.144779,0.0999,Low,0.0061,Low,9412,256872490.0,-0.0048000000000000265,Normal,39.063946,-76.802101
242,"Washington-Arlington-Alexandria, DC-VA-MD-WV  CFS Area (MD Part)",24,7660,41675.86165500002,56852.43065499999,0.0999,Low,0.0061,Low,9412,256872490.0,-0.0048000000000000265,Normal,39.063946,-76.802101
249,Remainder of Maryland,24,7590,49611.15422999996,50047.70729600001,0.0999,Low,0.0061,Low,9412,256872490.0,-0.0048000000000000265,Normal,39.063946,-76.802101
251,"Boston-Worcester-Providence, MA-RI-NH-CT  CFS Area (MA Part)",25,20656,157671.36515699996,388574.00746699993,0.0648,Low,0.001,Low,6176,78596090.0,-0.005799999999999916,Normal,42.230171,-71.530106
259,Remainder of Massachusetts,25,7467,22298.896087000012,44376.15177099999,0.0648,Low,0.001,Low,6176,78596090.0,-0.005799999999999916,Normal,42.230171,-71.530106
261,"Detroit-Warren-Ann Arbor, MI  CFS Area ",26,32798,196354.1562780002,500011.6731169998,0.1008,Low,0.0192,Low,8174,2119790800.0,,No Data,43.326618,-84.536095
262,"Grand Rapids-Kentwood-Muskegon, MI  CFS Area ",26,11606,56588.328147,122821.3871630001,0.1008,Low,0.0192,Low,8174,2119790800.0,,No Data,43.326618,-84.536095
269,Remainder of Michigan,26,14137,205854.9247319999,194610.33377899966,0.1008,Low,0.0192,Low,8174,2119790800.0,,No Data,43.326618,-84.536095
271,"Minneapolis-St. Paul, MN-WI  CFS Area (MN Part)",27,15010,168651.399289,303305.707245,0.1881,Low,0.0038,Low,17878,277297000.0,-0.0005999999999999339,Normal,45.694454,-93.900192
279,Remainder of Minnesota,27,14058,301427.49907200044,199841.27966099992,0.1881,Low,0.0038,Low,17878,277297000.0,-0.0005999999999999339,Normal,45.694454,-93.900192
280,Mississippi,28,11338,330292.5395600001,220805.39470800007,0.1451,Low,0.0333,Low,13237,987216350.0,-0.021100000000000008,Normal,32.741646,-89.678696
291,"Kansas City-Overland Park-Kansas City, MO-KS  CFS Area (MO Part)",29,11893,49399.381712999995,118558.02914299975,0.2321,Low,0.0464,Low,20475,2551579150.0,0.0033999999999999586,Normal,38.456085,-92.288368
292,"St. Louis-St. Charles-Farmington, MO-IL  CFS Area (MO Part)",29,12361,147304.18243400007,138809.61460600008,0.2321,Low,0.0464,Low,20475,2551579150.0,0.0033999999999999586,Normal,38.456085,-92.288368
299,Remainder of Missouri,29,10199,172774.40587000028,153782.86979800015,0.2321,Low,0.0464,Low,20475,2551579150.0,0.0033999999999999586,Normal,38.456085,-92.288368
300,Montana,30,9543,143888.30281299996,81211.32505899997,0.1338,Low,0.0079,Low,12789,89278350.0,0.01319999999999999,Normal,46.921925,-110.454353
311,"Omaha-Council Bluffs-Fremont, NE-IA  CFS Area (NE Part)",31,8368,63985.726126000096,49932.590419999986,0.2028,Low,0.0459,Low,18639,1182311460.0,-0.013699999999999934,Normal,41.12537,-98.268082
319,Remainder of Nebraska,31,7196,222450.32186900039,142722.12287399982,0.2028,Low,0.0459,Low,18639,1182311460.0,-0.013699999999999934,Normal,41.12537,-98.268082
321,"Las Vegas-Henderson, NV  CFS Area",32,9578,38757.48290500001,65054.457137999954,0.0459,Low,0.0111,Low,4280,188635300.0,0.015899999999999997,Normal,38.313515,-117.055374
329,Remainder of Nevada,32,7610,34403.911322,59334.748270000004,0.0459,Low,0.0111,Low,4280,188635300.0,0.015899999999999997,Normal,38.313515,-117.055374
331,"Boston-Worcester-Providence, MA-RI-NH-CT  CFS Area (NH Part)",33,7434,28763.50651800001,60480.16817199998,0.0252,Low,0.009,Low,2360,90871100.0,-0.008599999999999941,Normal,43.452492,-71.563896
339,Remainder of New Hampshire,33,5234,15822.967301000002,12889.475046,0.0252,Low,0.009,Low,2360,90871100.0,-0.008599999999999941,Normal,43.452492,-71.563896
341,"New York-Newark, NY-NJ-CT-PA  CFS Area (NJ Part)",34,48337,338504.07960500027,705870.1108179998,0.0783,Low,0.0017,Low,7357,239338130.0,-0.008500000000000063,Normal,40.298904,-74.521011
342,"Philadelphia-Reading-Camden, PA-NJ-DE-MD  CFS Area (NJ Part)",34,9991,101001.95870000003,179209.24011599994,0.0783,Low,0.0017,Low,7357,239338130.0,-0.008500000000000063,Normal,40.298904,-74.521011
350,New Mexico,35,6783,292975.5833290002,120770.86225199998,0.1125,Low,0.0568,Low,10160,915516450.0,-0.018199999999999994,Normal,34.840515,-106.248482
361,"Albany-Schenectady, NY  CFS Area ",36,9770,80304.59584700005,88898.85895400008,0.2193,Low,0.0065,Low,20381,959520500.0,-0.007900000000000018,Normal,42.165726,-74.948051
362,"Buffalo-Cheektowaga-Olean, NY  CFS Area ",36,21655,111595.05887800027,130255.8613399999,0.2193,Low,0.0065,Low,20381,959520500.0,-0.007900000000000018,Normal,42.165726,-74.948051
363,"New York-Newark, NY-NJ-CT-PA  CFS Area (NY Part)",36,37407,165956.61628499982,584186.4761889997,0.2193,Low,0.0065,Low,20381,959520500.0,-0.007900000000000018,Normal,42.165726,-74.948051
364,"Rochester-Batavia-Seneca Falls, NY  CFS Area ",36,10691,58093.56913799996,63092.46968099993,0.2193,Low,0.0065,Low,20381,959520500.0,-0.007900000000000018,Normal,42.165726,-74.948051
369,Remainder of New York,36,19315,142026.51524699992,196073.72698699989,0.2193,Low,0.0065,Low,20381,959520500.0,-0.007900000000000018,Normal,42.165726,-74.948051
371,"Charlotte-Concord, NC-SC  CFS Area  (NC Part)",37,16862,68472.05168900013,122955.67022400003,0.1997,Low,0.0735,Low,14983,5888533010.0,-0.022600000000000064,Normal,35.630066,-79.806419
372,"Greensboro-Winston-Salem-High Point, NC  CFS Area ",37,12107,59721.129651000054,134734.12526300002,0.1997,Low,0.0735,Low,14983,5888533010.0,-0.022600000000000064,Normal,35.630066,-79.806419
373,"Raleigh-Durham-Cary, NC  CFS Area ",37,12784,83768.43243099994,106139.12786099994,0.1997,Low,0.0735,Low,14983,5888533010.0,-0.022600000000000064,Normal,35.630066,-79.806419
379,Remainder of North Carolina,37,16492,167901.35179000002,236662.62941199975,0.1997,Low,0.0735,Low,14983,5888533010.0,-0.022600000000000064,Normal,35.630066,-79.806419
380,North Dakota,38,11364,523695.8569289996,255511.81317500028,0.1065,Low,0.0092,Low,10007,322407500.0,0.026499999999999968,Normal,47.528912,-99.784012
391,"Cincinnati-Wilmington-Maysville, OH-KY-IN  CFS Area (OH Part)",39,11737,62124.191495999985,101383.443764,0.1606,Low,0.0074,Low,14768,928832800.0,0.0027999999999999137,Normal,40.388783,-82.764915
392,"Cleveland-Akron-Canton, OH  CFS Area ",39,26665,133435.063063,242828.24211599998,0.1606,Low,0.0074,Low,14768,928832800.0,0.0027999999999999137,Normal,40.388783,-82.764915
393,"Columbus-Marion-Zanesville, OH  CFS Area ",39,15934,97481.48714799996,238589.6821780001,0.1606,Low,0.0074,Low,14768,928832800.0,0.0027999999999999137,Normal,40.388783,-82.764915
394,"Dayton-Springfield-Kettering, OH  CFS Area ",39,11375,29687.83964500003,58025.59974500005,0.1606,Low,0.0074,Low,14768,928832800.0,0.0027999999999999137,Normal,40.388783,-82.764915
395,"Toledo-Findlay-Tiffin, OH CFS Area",39,11921,81619.37469299996,104422.97006299993,0.1606,Low,0.0074,Low,14768,928832800.0,0.0027999999999999137,Normal,40.388783,-82.764915
399,Remainder of Ohio,39,11272,233087.90985799982,160081.05428999988,0.1606,Low,0.0074,Low,14768,928832800.0,0.0027999999999999137,Normal,40.388783,-82.764915
401,"Oklahoma City-Shawnee, OK  CFS Area ",40,7387,60347.09729100002,77135.72319299998,0.2343,Low,0.0286,Low,21839,933394330.0,-0.05449999999999999,Elevated Stress,35.565342,-96.928917
402,"Tulsa-Muskogee-Bartlesville, OK  CFS Area ",40,8186,52412.42475100002,61737.39926100003,0.2343,Low,0.0286,Low,21839,933394330.0,-0.05449999999999999,Elevated Stress,35.565342,-96.928917
409,Remainder of Oklahoma,40,6199,201680.10231199994,104467.72544099999,0.2343,Low,0.0286,Low,21839,933394330.0,-0.05449999999999999,Elevated Stress,35.565342,-96.928917
411,"Portland-Vancouver-Salem, OR-WA  CFS Area (OR Part)",41,16246,98032.73541400011,266578.46465399984,0.0636,Low,0.0877,Low,3314,3928442750.0,-0.009200000000000097,Normal,44.572021,-122.070938
419,Remainder of Oregon,41,8696,106903.82662300007,69569.55419500003,0.0636,Low,0.0877,Low,3314,3928442750.0,-0.009200000000000097,Normal,44.572021,-122.070938
421,"Philadelphia-Reading-Camden, PA-NJ-DE-MD  CFS Area (PA Part)",42,28397,127140.68349400001,218938.06720600004,0.192,Low,0.0054,Low,17957,681397190.0,0.0121,Normal,40.590752,-77.209755
422,"Pittsburgh-New Castle-Weirton, PA-OH-WV  CFS Area (PA Part)",42,13305,221660.35100199978,196625.6473220001,0.192,Low,0.0054,Low,17957,681397190.0,0.0121,Normal,40.590752,-77.209755
423,"Allentown-Bethlehem-Easton, PA-NJ CFS Area (PA Part)",42,10131,32921.59277100001,79491.74341299997,0.192,Low,0.0054,Low,17957,681397190.0,0.0121,Normal,40.590752,-77.209755
429,Remainder of Pennsylvania,42,15783,392350.2784600002,397975.4810189998,0.192,Low,0.0054,Low,17957,681397190.0,0.0121,Normal,40.590752,-77.209755
441,"Boston-Worcester-Providence, MA-RI-NH-CT  CFS Area (RI Part)",44,6464,28332.086936999996,48596.15208699997,0.0085,Low,0.0006,Low,815,6378800.0,0.0042999999999999705,Normal,41.680893,-71.51178
451,"Charleston-North Charleston, SC  CFS Area ",45,27714,45960.90089499999,106368.22418300004,0.1014,Low,0.0149,Low,9203,758920590.0,0.005800000000000027,Normal,33.856892,-80.945007
452,"Greenville-Spartanburg-Anderson, SC  CFS Area ",45,12185,40506.66050800003,133972.64488500007,0.1014,Low,0.0149,Low,9203,758920590.0,0.005800000000000027,Normal,33.856892,-80.945007
459,Remainder of South Carolina,45,10140,118608.996963,134377.69244500005,0.1014,Low,0.0149,Low,9203,758920590.0,0.005800000000000027,Normal,33.856892,-80.945007
460,South Dakota,46,6002,139874.59554700006,77982.12213499995,0.2213,Low,0.0243,Low,21079,254656150.0,,No Data,44.299782,-99.438828
471,"Memphis-Forrest City, TN-MS-AR  CFS Area (TN Part)",47,28105,32544.486480000007,173746.00542999996,0.18,Low,0.0354,Low,15464,2564718750.0,0.009099999999999997,Normal,35.747845,-86.692345
472,"Nashville-Davidson-Murfreesboro, TN  CFS Area ",47,12100,108702.02633,159231.41823399987,0.18,Low,0.0354,Low,15464,2564718750.0,0.009099999999999997,Normal,35.747845,-86.692345
473,"Knoxville-Morristown-Sevierville, TN  CFS Area ",47,10593,67047.80915300001,64737.62052499999,0.18,Low,0.0354,Low,15464,2564718750.0,0.009099999999999997,Normal,35.747845,-86.692345
479,Remainder of Tennessee,47,11397,129118.102814,143620.21322999996,0.18,Low,0.0354,Low,15464,2564718750.0,0.009099999999999997,Normal,35.747845,-86.692345
481,"Austin-Round Rock-Georgetown, TX  CFS Area ",48,13037,110478.85572100003,143548.19673700008,1.0,High,0.1558,Low,48031,67326637370.0,0.09310000000000002,Above Normal,31.054487,-97.563461
482,"Beaumont-Port Arthur, TX  CFS Area ",48,8889,224224.55467699983,184585.39789099997,1.0,High,0.1558,Low,48031,67326637370.0,0.09310000000000002,Above Normal,31.054487,-97.563461
483,"Corpus Christi-Kingsville-Alice, TX  CFS Area ",48,8627,103298.00195400002,82569.05087399998,1.0,High,0.1558,Low,48031,67326637370.0,0.09310000000000002,Above Normal,31.054487,-97.563461
484,"Dallas-Fort Worth, TX-OK  CFS Area (TX Part)",48,24428,443620.9091680006,736277.6339410002,1.0,High,0.1558,Low,48031,67326637370.0,0.09310000000000002,Above Normal,31.054487,-97.563461
485,"El Paso-Las Cruces, TX-NM  CFS Area (TX Part)",48,11276,40512.202631000015,104732.50314399996,1.0,High,0.1558,Low,48031,67326637370.0,0.09310000000000002,Above Normal,31.054487,-97.563461
486,"Houston-The Woodlands, TX  CFS Area ",48,41638,654818.028041,865803.9953790003,1.0,High,0.1558,Low,48031,67326637370.0,0.09310000000000002,Above Normal,31.054487,-97.563461
487,"Laredo, TX   CFS Area ",48,11409,54160.94905399997,183791.1637120004,1.0,High,0.1558,Low,48031,67326637370.0,0.09310000000000002,Above Normal,31.054487,-97.563461
488,"San Antonio-New Braunfels-Pearsall, TX  CFS Area ",48,11848,278427.0407229999,214388.04725800006,1.0,High,0.1558,Low,48031,67326637370.0,0.09310000000000002,Above Normal,31.054487,-97.563461
489,Remainder of Texas,48,21017,863619.0481840005,732549.2521399993,1.0,High,0.1558,Low,48031,67326637370.0,0.09310000000000002,Above Normal,31.054487,-97.563461
491,"Salt Lake City-Provo-Orem, UT  CFS Area ",49,13591,118753.91924699995,228060.76869300014,0.046,Low,0.0054,Low,4253,236989700.0,0.015100000000000002,Normal,40.150032,-111.862434
499,Remainder of Utah,49,7183,141656.009715,82841.87827500002,0.046,Low,0.0054,Low,4253,236989700.0,0.015100000000000002,Normal,40.150032,-111.862434
500,Vermont,50,8535,41618.79033800001,37837.70843000001,0.0351,Low,0.0443,Low,3215,224399500.0,-0.0010999999999999899,Normal,44.045876,-72.710686
511,"Richmond, VA  CFS Area ",51,12114,52433.12096700003,69320.709013,0.2327,Low,0.0118,Low,21898,641023520.0,0.0029000000000000137,Normal,37.769337,-78.169968
512,"Virginia Beach-Norfolk, VA-NC  CFS Area (VA Part)",51,32795,54438.20743599996,101392.11788,0.2327,Low,0.0118,Low,21898,641023520.0,0.0029000000000000137,Normal,37.769337,-78.169968
513,"Washington-Arlington-Alexandria, DC-VA-MD-WV  CFS Area (VA Part)",51,16850,68571.65191600008,69302.083188,0.2327,Low,0.0118,Low,21898,641023520.0,0.0029000000000000137,Normal,37.769337,-78.169968
519,Remainder of Virginia,51,10854,173975.96586000005,158470.83381799998,0.2327,Low,0.0118,Low,21898,641023520.0,0.0029000000000000137,Normal,37.769337,-78.169968
531,"Seattle-Tacoma, WA  CFS Area ",53,27081,164738.37406000012,360710.8852870003,0.0648,Low,0.0459,Low,3870,3306051160.0,0.0023999999999999577,Normal,47.400902,-121.490494
532,"Portland-Vancouver-Salem, OR-WA  CFS Area (WA Part)",53,7610,23186.845923999987,34385.02209700001,0.0648,Low,0.0459,Low,3870,3306051160.0,0.0023999999999999577,Normal,47.400902,-121.490494
539,Remainder of Washington,53,16976,160559.81234000012,143896.2596980001,0.0648,Low,0.0459,Low,3870,3306051160.0,0.0023999999999999577,Normal,47.400902,-121.490494
540,West Virginia,54,6395,279132.6407489999,100680.14810499999,0.1179,Low,0.0206,Low,11131,279219710.0,-0.0028000000000000247,Normal,38.491226,-80.954453
551,"Milwaukee-Racine-Waukesha, WI  CFS Area ",55,14712,71808.63226999993,140162.40597200012,0.14,Low,0.0109,Low,12983,662116720.0,0.007299999999999973,Normal,44.268543,-89.616508
559,Remainder of Wisconsin,55,14746,258000.75869700024,304722.95684800023,0.14,Low,0.0109,Low,12983,662116720.0,0.007299999999999973,Normal,44.268543,-89.616508
560,Wyoming,56,4027,244582.18951400009,54686.76196499998,0.119,Low,0.0107,Low,11376,80386330.0,0.007000000000000006,Normal,42.755966,-107.30249
